scenario,platform,commit,runIndex,emitsPerSecond,gcAllocations,wallClockMs,gcAllocatedBytes
EmptyBus_Dispatch,Standalone IL2CPP x64 Release (WindowsPlayer; Unity 6000.5.2f1),747342b2470336991aa53cf8109f297bfc5647d9,-1,50187377.677,-1,5000.062,-1
UntargetedFlood_OneHandler,Standalone IL2CPP x64 Release (WindowsPlayer; Unity 6000.5.2f1),747342b2470336991aa53cf8109f297bfc5647d9,-1,47073610.231,-1,5000.041,-1
UntargetedFlood_OneDirectHandler,Standalone IL2CPP x64 Release (WindowsPlayer; Unity 6000.5.2f1),747342b2470336991aa53cf8109f297bfc5647d9,-1,48701567.530,-1,5000.044,-1
UntargetedFlood_TwoHandlers_OnePriority,Standalone IL2CPP x64 Release (WindowsPlayer; Unity 6000.5.2f1),747342b2470336991aa53cf8109f297bfc5647d9,-1,44570924.949,-1,5000.121,-1
UntargetedFlood_ThreeHandlers_OnePriority,Standalone IL2CPP x64 Release (WindowsPlayer; Unity 6000.5.2f1),747342b2470336991aa53cf8109f297bfc5647d9,-1,41297992.566,-1,5000.001,-1
UntargetedFlood_FourHandlers_OnePriority,Standalone IL2CPP x64 Release (WindowsPlayer; Unity 6000.5.2f1),747342b2470336991aa53cf8109f297bfc5647d9,-1,39078423.576,-1,5000.202,-1
UntargetedFlood_FourHandlers_FourPriorities,Standalone IL2CPP x64 Release (WindowsPlayer; Unity 6000.5.2f1),747342b2470336991aa53cf8109f297bfc5647d9,-1,39643834.956,-1,5001.030,-1
UntargetedFlood_SixteenHandlers_OnePriority,Standalone IL2CPP x64 Release (WindowsPlayer; Unity 6000.5.2f1),747342b2470336991aa53cf8109f297bfc5647d9,-1,21161585.233,-1,5000.098,-1
UntargetedFlood_OneInactiveHandler,Standalone IL2CPP x64 Release (WindowsPlayer; Unity 6000.5.2f1),747342b2470336991aa53cf8109f297bfc5647d9,-1,49369717.605,-1,5000.029,-1
TargetedFlood_NoMatchingTarget,Standalone IL2CPP x64 Release (WindowsPlayer; Unity 6000.5.2f1),747342b2470336991aa53cf8109f297bfc5647d9,-1,18540973.542,-1,5001.356,-1
TargetedFlood_OneListener,Standalone IL2CPP x64 Release (WindowsPlayer; Unity 6000.5.2f1),747342b2470336991aa53cf8109f297bfc5647d9,-1,15689921.237,-1,5000.025,-1
TargetedFlood_SixteenListeners,Standalone IL2CPP x64 Release (WindowsPlayer; Unity 6000.5.2f1),747342b2470336991aa53cf8109f297bfc5647d9,-1,11552152.811,-1,5000.800,-1
BroadcastFlood_OneHandler,Standalone IL2CPP x64 Release (WindowsPlayer; Unity 6000.5.2f1),747342b2470336991aa53cf8109f297bfc5647d9,-1,30676290.717,-1,5000.279,-1
TargetedPost_StableRoute,Standalone IL2CPP x64 Release (WindowsPlayer; Unity 6000.5.2f1),747342b2470336991aa53cf8109f297bfc5647d9,-1,26867008.070,-1,5000.185,-1
TargetedPost_Rewritten_EmptyFinalRoute,Standalone IL2CPP x64 Release (WindowsPlayer; Unity 6000.5.2f1),747342b2470336991aa53cf8109f297bfc5647d9,-1,22257066.094,-1,5000.210,-1
TargetedPost_Rewritten_PopulatedFinalRoute,Standalone IL2CPP x64 Release (WindowsPlayer; Unity 6000.5.2f1),747342b2470336991aa53cf8109f297bfc5647d9,-1,16803576.214,-1,5000.126,-1
BroadcastPost_StableRoute,Standalone IL2CPP x64 Release (WindowsPlayer; Unity 6000.5.2f1),747342b2470336991aa53cf8109f297bfc5647d9,-1,27466956.805,-1,5000.190,-1
BroadcastPost_Rewritten_EmptyFinalRoute,Standalone IL2CPP x64 Release (WindowsPlayer; Unity 6000.5.2f1),747342b2470336991aa53cf8109f297bfc5647d9,-1,25007137.754,-1,5000.172,-1
BroadcastPost_Rewritten_PopulatedFinalRoute,Standalone IL2CPP x64 Release (WindowsPlayer; Unity 6000.5.2f1),747342b2470336991aa53cf8109f297bfc5647d9,-1,17743887.504,-1,5000.032,-1
InterceptorHeavy_FourInterceptors,Standalone IL2CPP x64 Release (WindowsPlayer; Unity 6000.5.2f1),747342b2470336991aa53cf8109f297bfc5647d9,-1,35413745.561,-1,5000.318,-1
PostProcessingHeavy_FourPostProcessors,Standalone IL2CPP x64 Release (WindowsPlayer; Unity 6000.5.2f1),747342b2470336991aa53cf8109f297bfc5647d9,-1,28839401.871,-1,5000.104,-1
MessageBusConstruction_1000,Standalone IL2CPP x64 Release (WindowsPlayer; Unity 6000.5.2f1),747342b2470336991aa53cf8109f297bfc5647d9,-1,0.000,-1,25.985,-1
MessageRegistrationTokenConstruction_1000_PrebuiltHandlerAndBus,Standalone IL2CPP x64 Release (WindowsPlayer; Unity 6000.5.2f1),747342b2470336991aa53cf8109f297bfc5647d9,-1,0.000,-1,0.049,-1
RegistrationFlood_1000Types_FromColdBus,Standalone IL2CPP x64 Release (WindowsPlayer; Unity 6000.5.2f1),747342b2470336991aa53cf8109f297bfc5647d9,-1,0.000,-1,493.548,-1
RegistrationFlood_1000Types_WarmJit,Standalone IL2CPP x64 Release (WindowsPlayer; Unity 6000.5.2f1),747342b2470336991aa53cf8109f297bfc5647d9,-1,0.000,-1,2.737,-1
UntargetedRegistration_Marginal,Standalone IL2CPP x64 Release (WindowsPlayer; Unity 6000.5.2f1),747342b2470336991aa53cf8109f297bfc5647d9,-1,0.000,-1,0.439,-1
TargetedRegistration_Marginal,Standalone IL2CPP x64 Release (WindowsPlayer; Unity 6000.5.2f1),747342b2470336991aa53cf8109f297bfc5647d9,-1,0.000,-1,0.479,-1
BroadcastRegistration_Marginal,Standalone IL2CPP x64 Release (WindowsPlayer; Unity 6000.5.2f1),747342b2470336991aa53cf8109f297bfc5647d9,-1,0.000,-1,0.479,-1
DeregistrationFlood_1000Types_Cold,Standalone IL2CPP x64 Release (WindowsPlayer; Unity 6000.5.2f1),747342b2470336991aa53cf8109f297bfc5647d9,-1,0.000,-1,1.617,-1
DeregistrationFlood_1000Types_WarmJit,Standalone IL2CPP x64 Release (WindowsPlayer; Unity 6000.5.2f1),747342b2470336991aa53cf8109f297bfc5647d9,-1,0.000,-1,1.126,-1
UntargetedFirstDispatch_Cold,Standalone IL2CPP x64 Release (WindowsPlayer; Unity 6000.5.2f1),747342b2470336991aa53cf8109f297bfc5647d9,-1,0.000,-1,0.237,-1
TargetedFirstDispatch_Cold,Standalone IL2CPP x64 Release (WindowsPlayer; Unity 6000.5.2f1),747342b2470336991aa53cf8109f297bfc5647d9,-1,0.000,-1,0.205,-1
BroadcastFirstDispatch_Cold,Standalone IL2CPP x64 Release (WindowsPlayer; Unity 6000.5.2f1),747342b2470336991aa53cf8109f297bfc5647d9,-1,0.000,-1,0.186,-1
RegistrationAttribution_DirectBus_131072,Standalone IL2CPP x64 Release (WindowsPlayer; Unity 6000.5.2f1),747342b2470336991aa53cf8109f297bfc5647d9,-1,0.000,-1,29.682,-1
RegistrationAttribution_DirectHandler_131072,Standalone IL2CPP x64 Release (WindowsPlayer; Unity 6000.5.2f1),747342b2470336991aa53cf8109f297bfc5647d9,-1,0.000,-1,64.430,-1
RegistrationAttribution_TokenStage_131072,Standalone IL2CPP x64 Release (WindowsPlayer; Unity 6000.5.2f1),747342b2470336991aa53cf8109f297bfc5647d9,-1,0.000,-1,11.549,-1
RegistrationAttribution_TokenActive_131072,Standalone IL2CPP x64 Release (WindowsPlayer; Unity 6000.5.2f1),747342b2470336991aa53cf8109f297bfc5647d9,-1,0.000,-1,88.926,-1
DeregistrationAttribution_DirectBus_131072,Standalone IL2CPP x64 Release (WindowsPlayer; Unity 6000.5.2f1),747342b2470336991aa53cf8109f297bfc5647d9,-1,0.000,-1,6.987,-1
DeregistrationAttribution_DirectHandler_131072,Standalone IL2CPP x64 Release (WindowsPlayer; Unity 6000.5.2f1),747342b2470336991aa53cf8109f297bfc5647d9,-1,0.000,-1,26.128,-1
DeregistrationAttribution_TokenRemove_131072,Standalone IL2CPP x64 Release (WindowsPlayer; Unity 6000.5.2f1),747342b2470336991aa53cf8109f297bfc5647d9,-1,0.000,-1,30.848,-1
DeregistrationAttribution_TokenDisable_131072,Standalone IL2CPP x64 Release (WindowsPlayer; Unity 6000.5.2f1),747342b2470336991aa53cf8109f297bfc5647d9,-1,0.000,-1,31.198,-1
Comparison_DxMessaging_GlobalToOne,Standalone IL2CPP x64 Release (WindowsPlayer; Unity 6000.5.2f1),747342b2470336991aa53cf8109f297bfc5647d9,-1,44557900.190,-1,5000.011,-1
Comparison_CsEvent_GlobalToOne,Standalone IL2CPP x64 Release (WindowsPlayer; Unity 6000.5.2f1),747342b2470336991aa53cf8109f297bfc5647d9,-1,408416782.918,-1,5000.015,-1
Comparison_UnityEvent_GlobalToOne,Standalone IL2CPP x64 Release (WindowsPlayer; Unity 6000.5.2f1),747342b2470336991aa53cf8109f297bfc5647d9,-1,121897839.970,-1,5000.089,-1
Comparison_ScriptableObject_GlobalToOne,Standalone IL2CPP x64 Release (WindowsPlayer; Unity 6000.5.2f1),747342b2470336991aa53cf8109f297bfc5647d9,-1,194443253.338,-1,5000.019,-1
Comparison_DxMessaging_GlobalToMany,Standalone IL2CPP x64 Release (WindowsPlayer; Unity 6000.5.2f1),747342b2470336991aa53cf8109f297bfc5647d9,-1,21991778.323,-1,5000.050,-1
Comparison_CsEvent_GlobalToMany,Standalone IL2CPP x64 Release (WindowsPlayer; Unity 6000.5.2f1),747342b2470336991aa53cf8109f297bfc5647d9,-1,53746360.736,-1,5000.153,-1
Comparison_UnityEvent_GlobalToMany,Standalone IL2CPP x64 Release (WindowsPlayer; Unity 6000.5.2f1),747342b2470336991aa53cf8109f297bfc5647d9,-1,12898895.855,-1,5000.428,-1
Comparison_ScriptableObject_GlobalToMany,Standalone IL2CPP x64 Release (WindowsPlayer; Unity 6000.5.2f1),747342b2470336991aa53cf8109f297bfc5647d9,-1,29588309.324,-1,5000.286,-1
Comparison_DxMessaging_KeyedToOne,Standalone IL2CPP x64 Release (WindowsPlayer; Unity 6000.5.2f1),747342b2470336991aa53cf8109f297bfc5647d9,-1,15033390.847,-1,5000.203,-1
Comparison_CsEvent_KeyedToOne,Standalone IL2CPP x64 Release (WindowsPlayer; Unity 6000.5.2f1),747342b2470336991aa53cf8109f297bfc5647d9,-1,91034902.119,-1,5000.060,-1
Comparison_UnityEvent_KeyedToOne,Standalone IL2CPP x64 Release (WindowsPlayer; Unity 6000.5.2f1),747342b2470336991aa53cf8109f297bfc5647d9,-1,141047768.682,-1,5000.008,-1
Comparison_ScriptableObject_KeyedToOne,Standalone IL2CPP x64 Release (WindowsPlayer; Unity 6000.5.2f1),747342b2470336991aa53cf8109f297bfc5647d9,-1,248749467.676,-1,5000.011,-1
Comparison_UnitySendMessage_KeyedToOne,Standalone IL2CPP x64 Release (WindowsPlayer; Unity 6000.5.2f1),747342b2470336991aa53cf8109f297bfc5647d9,-1,8565869.970,-1,5000.076,-1
Comparison_DxMessaging_PriorityOrdered,Standalone IL2CPP x64 Release (WindowsPlayer; Unity 6000.5.2f1),747342b2470336991aa53cf8109f297bfc5647d9,-1,36472917.484,-1,5000.148,-1
Comparison_DxMessaging_Filtered,Standalone IL2CPP x64 Release (WindowsPlayer; Unity 6000.5.2f1),747342b2470336991aa53cf8109f297bfc5647d9,-1,34793557.426,-1,5000.064,-1
Comparison_DxMessaging_PostProcess,Standalone IL2CPP x64 Release (WindowsPlayer; Unity 6000.5.2f1),747342b2470336991aa53cf8109f297bfc5647d9,-1,31995998.080,-1,5000.000,-1
Comparison_DxMessaging_FilteredPostProcess,Standalone IL2CPP x64 Release (WindowsPlayer; Unity 6000.5.2f1),747342b2470336991aa53cf8109f297bfc5647d9,-1,29410497.124,-1,5000.256,-1
Comparison_DxMessaging_SubUnsub,Standalone IL2CPP x64 Release (WindowsPlayer; Unity 6000.5.2f1),747342b2470336991aa53cf8109f297bfc5647d9,-1,1354600.373,-1,5005.166,-1
Comparison_CsEvent_SubUnsub,Standalone IL2CPP x64 Release (WindowsPlayer; Unity 6000.5.2f1),747342b2470336991aa53cf8109f297bfc5647d9,-1,15249477.553,-1,5000.171,-1
Comparison_UnityEvent_SubUnsub,Standalone IL2CPP x64 Release (WindowsPlayer; Unity 6000.5.2f1),747342b2470336991aa53cf8109f297bfc5647d9,-1,4096648.434,-1,5001.650,-1
Comparison_ScriptableObject_SubUnsub,Standalone IL2CPP x64 Release (WindowsPlayer; Unity 6000.5.2f1),747342b2470336991aa53cf8109f297bfc5647d9,-1,40161326.896,-1,5000.084,-1
Comparison_DxMessaging_StructNoBox,Standalone IL2CPP x64 Release (WindowsPlayer; Unity 6000.5.2f1),747342b2470336991aa53cf8109f297bfc5647d9,-1,44786298.121,-1,5000.190,-1
Comparison_CsEvent_StructNoBox,Standalone IL2CPP x64 Release (WindowsPlayer; Unity 6000.5.2f1),747342b2470336991aa53cf8109f297bfc5647d9,-1,475625457.787,-1,5000.006,-1
Comparison_UnityEvent_StructNoBox,Standalone IL2CPP x64 Release (WindowsPlayer; Unity 6000.5.2f1),747342b2470336991aa53cf8109f297bfc5647d9,-1,135255410.286,-1,5000.022,-1
Comparison_ScriptableObject_StructNoBox,Standalone IL2CPP x64 Release (WindowsPlayer; Unity 6000.5.2f1),747342b2470336991aa53cf8109f297bfc5647d9,-1,245062980.538,-1,5000.021,-1
Comparison_MessagePipe_GlobalToOne,Standalone IL2CPP x64 Release (WindowsPlayer; Unity 6000.5.2f1),747342b2470336991aa53cf8109f297bfc5647d9,-1,125245589.194,-1,5000.016,-1
Comparison_UniRx_GlobalToOne,Standalone IL2CPP x64 Release (WindowsPlayer; Unity 6000.5.2f1),747342b2470336991aa53cf8109f297bfc5647d9,-1,6115458.170,-1,5000.443,-1
Comparison_ZenjectSignalBus_GlobalToOne,Standalone IL2CPP x64 Release (WindowsPlayer; Unity 6000.5.2f1),747342b2470336991aa53cf8109f297bfc5647d9,-1,3040977.380,-1,5001.681,-1
Comparison_MessagePipe_GlobalToMany,Standalone IL2CPP x64 Release (WindowsPlayer; Unity 6000.5.2f1),747342b2470336991aa53cf8109f297bfc5647d9,-1,20785254.225,-1,5000.179,-1
Comparison_UniRx_GlobalToMany,Standalone IL2CPP x64 Release (WindowsPlayer; Unity 6000.5.2f1),747342b2470336991aa53cf8109f297bfc5647d9,-1,3309814.187,-1,5000.281,-1
Comparison_ZenjectSignalBus_GlobalToMany,Standalone IL2CPP x64 Release (WindowsPlayer; Unity 6000.5.2f1),747342b2470336991aa53cf8109f297bfc5647d9,-1,1635975.231,-1,5000.076,-1
Comparison_MessagePipe_KeyedToOne,Standalone IL2CPP x64 Release (WindowsPlayer; Unity 6000.5.2f1),747342b2470336991aa53cf8109f297bfc5647d9,-1,12953782.117,-1,5000.084,-1
Comparison_ZenjectSignalBus_KeyedToOne,Standalone IL2CPP x64 Release (WindowsPlayer; Unity 6000.5.2f1),747342b2470336991aa53cf8109f297bfc5647d9,-1,2804731.476,-1,5002.261,-1
Comparison_MessagePipe_Filtered,Standalone IL2CPP x64 Release (WindowsPlayer; Unity 6000.5.2f1),747342b2470336991aa53cf8109f297bfc5647d9,-1,91387928.717,-1,5000.004,-1
Comparison_UniRx_Filtered,Standalone IL2CPP x64 Release (WindowsPlayer; Unity 6000.5.2f1),747342b2470336991aa53cf8109f297bfc5647d9,-1,5871898.682,-1,5001.789,-1
Comparison_MessagePipe_PostProcess,Standalone IL2CPP x64 Release (WindowsPlayer; Unity 6000.5.2f1),747342b2470336991aa53cf8109f297bfc5647d9,-1,98847766.719,-1,5000.012,-1
Comparison_MessagePipe_FilteredPostProcess,Standalone IL2CPP x64 Release (WindowsPlayer; Unity 6000.5.2f1),747342b2470336991aa53cf8109f297bfc5647d9,-1,82587730.764,-1,5000.016,-1
Comparison_MessagePipe_SubUnsub,Standalone IL2CPP x64 Release (WindowsPlayer; Unity 6000.5.2f1),747342b2470336991aa53cf8109f297bfc5647d9,-1,2536217.952,-1,5003.513,-1
Comparison_UniRx_SubUnsub,Standalone IL2CPP x64 Release (WindowsPlayer; Unity 6000.5.2f1),747342b2470336991aa53cf8109f297bfc5647d9,-1,1037966.702,-1,5000.160,-1
Comparison_ZenjectSignalBus_SubUnsub,Standalone IL2CPP x64 Release (WindowsPlayer; Unity 6000.5.2f1),747342b2470336991aa53cf8109f297bfc5647d9,-1,1863701.174,-1,5000.802,-1
Comparison_MessagePipe_StructNoBox,Standalone IL2CPP x64 Release (WindowsPlayer; Unity 6000.5.2f1),747342b2470336991aa53cf8109f297bfc5647d9,-1,118669719.168,-1,5000.096,-1
Comparison_UniRx_StructNoBox,Standalone IL2CPP x64 Release (WindowsPlayer; Unity 6000.5.2f1),747342b2470336991aa53cf8109f297bfc5647d9,-1,6039840.790,-1,5000.132,-1
Comparison_ZenjectSignalBus_StructNoBox,Standalone IL2CPP x64 Release (WindowsPlayer; Unity 6000.5.2f1),747342b2470336991aa53cf8109f297bfc5647d9,-1,3042244.382,-1,5002.885,-1
Comparison_UnityAtoms_GlobalToOne,Standalone IL2CPP x64 Release (WindowsPlayer; Unity 6000.5.2f1),747342b2470336991aa53cf8109f297bfc5647d9,-1,267940360.205,-1,5000.031,-1
Comparison_UnityAtoms_GlobalToMany,Standalone IL2CPP x64 Release (WindowsPlayer; Unity 6000.5.2f1),747342b2470336991aa53cf8109f297bfc5647d9,-1,51386513.902,-1,5000.145,-1
Comparison_UnityAtoms_KeyedToOne,Standalone IL2CPP x64 Release (WindowsPlayer; Unity 6000.5.2f1),747342b2470336991aa53cf8109f297bfc5647d9,-1,275264865.909,-1,5000.021,-1
Comparison_UnityAtoms_SubUnsub,Standalone IL2CPP x64 Release (WindowsPlayer; Unity 6000.5.2f1),747342b2470336991aa53cf8109f297bfc5647d9,-1,15560916.338,-1,5000.348,-1
Comparison_UnityAtoms_StructNoBox,Standalone IL2CPP x64 Release (WindowsPlayer; Unity 6000.5.2f1),747342b2470336991aa53cf8109f297bfc5647d9,-1,254231872.884,-1,5000.003,-1
